Ativos,Passivos,Patrimônio Líquido
643785.8,682460.08,-38674.27999999991
940863.14,793001.41,147861.72999999998
720990.55,815742.37,-94751.81999999995
781403.54,398920.19,382483.35000000003
879264.53,505346.13,373918.4
239969.76,751175.34,-511205.57999999996
783077.54,907427.72,-124350.17999999993
591615.78,339307.33,252308.45
879274.9,904524.7,-25249.79999999993
376391.95,853307.37,-476915.42
