Ativos,Passivos,Patrimônio Líquido
147422.89,649183.11,-501760.22
341077.97,649363.09,-308285.12
492817.76,267680.17,225137.59000000003
346958.18,212942.87,134015.31
840592.82,560828.94,279763.88
942260.74,387679.82,554580.9199999999
114446.16,394657.19,-280211.03
924392.41,749862.79,174529.62
689757.77,763488.48,-73730.70999999996
403731.21,325471.16,78260.05000000005
953884.47,382708.51,571175.96
