Ativos,Passivos,Patrimônio Líquido
999506.4,252302.5,747203.9
866584.68,752956.28,113628.40000000002
509499.83,419317.9,90181.93
484764.44,466459.13,18305.309999999998
428678.65,885992.55,-457313.9
895116.68,290308.81,604807.8700000001
567562.59,269454.35,298108.24
386614.94,359725.72,26889.22000000003
990174.79,196380.5,793794.29
846581.96,941046.56,-94464.6000000001
665799.73,368239.93,297559.8
