Ativos,Passivos,Patrimônio Líquido
427824.66,760435.35,-332610.69
150288.62,234.23,8334.23
682815.5,833064.71,-150249.20999999996
931459.6,,655653.58
670791.09,257339.07,413452.01999999996
505683.72,619799.28,-114115.56000000006
144859.1,753794.4,-608935.3
903177.56,464082.12,439095.44000000006
946365.87,319679.05,626686.8200000001
429809.35,611889.94,-182080.58999999997
