Ativos,Passivos,Patrimônio Líquido
265709.16,224977.34,40731.81999999998
820047.21,435449.34,384597.86999999994
862469.71,347324.58,515145.12999999995
339392.92,379667.18,-40274.26000000001
585787.68,950192.63,-364404.94999999995
349433.85,962580.05,-613146.2000000001
470231.01,926872.46,-456641.44999999995
813923.76,512039.95,301883.81
533530.83,220252.65,313278.17999999993
500860.09,251569.5,249290.59000000003
